Model,Topsis Score,Rank
DistilBERT,0.85129025509748,1.0
T5,0.29867081183607824,4.0
RoBERTa,0.6111927945499802,2.0
GPT-3,0.6071986140609019,3.0
UniLM,0.0,5.0
